{"cameraMode":{"drawMode":0,"name":"Shaded","section":"Shading Mode"},"sceneLighting":false,"audioPlay":false,"sceneViewState":{"m_AlwaysRefresh":false,"showFog":true,"showSkybox":false,"showFlares":true,"showImageEffects":true,"showParticleSystems":true,"showVisualEffectGraphs":true,"m_FxEnabled":true},"in2DMode":false,"pivot":{"x":-14.697930335998536,"y":-26.568641662597658,"z":267.31341552734377},"rotation":{"x":0.048557229340076449,"y":0.19205902516841889,"z":-0.009514575824141503,"w":0.9801376461982727},"size":62.180213928222659,"orthographic":false}