{"cameraMode":{"drawMode":0,"name":"Shaded","section":"Shading Mode"},"sceneLighting":false,"audioPlay":false,"sceneViewState":{"m_AlwaysRefresh":false,"showFog":true,"showSkybox":false,"showFlares":true,"showImageEffects":true,"showParticleSystems":true,"showVisualEffectGraphs":true,"m_FxEnabled":true},"in2DMode":false,"pivot":{"x":-48.82977294921875,"y":25.046632766723634,"z":-18.046974182128908},"rotation":{"x":0.19058158993721009,"y":0.43032529950141909,"z":-0.09347578883171082,"w":0.8773613572120667},"size":17.270505905151368,"orthographic":false}